{"cameraMode":{"drawMode":0,"name":"Shaded","section":"Shading Mode"},"sceneLighting":true,"audioPlay":false,"sceneViewState":{"showFog":false,"showMaterialUpdate":false,"showSkybox":true,"showFlares":false,"showImageEffects":false,"showParticleSystems":false},"in2DMode":false,"pivot":{"x":-2.93046498298645,"y":499.4273681640625,"z":-2.267007827758789},"rotation":{"x":0.004173874855041504,"y":0.9599543213844299,"z":-0.28000494837760928,"w":0.014712444506585598},"size":28.43054962158203,"orthographic":false}