{"cameraMode":{"drawMode":0,"name":"Shaded","section":"Shading Mode"},"sceneLighting":false,"audioPlay":false,"sceneViewState":{"showFog":false,"showMaterialUpdate":false,"showSkybox":false,"showFlares":false,"showImageEffects":false,"showParticleSystems":false},"in2DMode":false,"pivot":{"x":49.154022216796878,"y":9.74752426147461,"z":10.55670166015625},"rotation":{"x":-0.13009178638458253,"y":-0.08129038661718369,"z":0.010106174275279045,"w":-0.9884662628173828},"size":124.29570770263672,"orthographic":false}