{"cameraMode":{"drawMode":0,"name":"Shaded","section":"Shading Mode"},"sceneLighting":false,"audioPlay":false,"sceneViewState":{"showFog":false,"showMaterialUpdate":false,"showSkybox":false,"showFlares":false,"showImageEffects":false,"showParticleSystems":false},"in2DMode":false,"pivot":{"x":-9.523371696472168,"y":3.823253631591797,"z":19.23529052734375},"rotation":{"x":-0.2937622666358948,"y":-0.34089869260787966,"z":0.11229796707630158,"w":-0.886324942111969},"size":150.98171997070313,"orthographic":false}