{"cameraMode":{"drawMode":0,"name":"Shaded","section":"Shading Mode"},"sceneLighting":false,"audioPlay":false,"sceneViewState":{"showFog":false,"showMaterialUpdate":false,"showSkybox":false,"showFlares":false,"showImageEffects":false,"showParticleSystems":false},"in2DMode":false,"pivot":{"x":-2.330341339111328,"y":9.701159477233887,"z":3.403073787689209},"rotation":{"x":-0.010119473561644555,"y":-0.41970282793045046,"z":0.0038791007827967407,"w":-0.9079786539077759},"size":16.94687843322754,"orthographic":false}