{"cameraMode":{"drawMode":0,"name":"Shaded","section":"Shading Mode"},"sceneLighting":true,"audioPlay":false,"sceneViewState":{"showFog":false,"showMaterialUpdate":false,"showSkybox":true,"showFlares":false,"showImageEffects":false,"showParticleSystems":false},"in2DMode":false,"pivot":{"x":-9.14525032043457,"y":191.41632080078126,"z":-183.21527099609376},"rotation":{"x":0.19093307852745057,"y":0.4915982186794281,"z":-0.11339008063077927,"w":0.8426427245140076},"size":152.4001922607422,"orthographic":false}