{"cameraMode":{"drawMode":0,"name":"Shaded","section":"Shading Mode"},"sceneLighting":false,"audioPlay":false,"sceneViewState":{"showFog":false,"showMaterialUpdate":false,"showSkybox":false,"showFlares":false,"showImageEffects":false,"showParticleSystems":false},"in2DMode":false,"pivot":{"x":-45.690284729003909,"y":-6.191753387451172,"z":35.95254898071289},"rotation":{"x":-0.23125819861888886,"y":-0.3679558336734772,"z":0.09425490349531174,"w":-0.8960684537887573},"size":133.59878540039063,"orthographic":false}