{"cameraMode":{"drawMode":0,"name":"Shaded","section":"Shading Mode"},"sceneLighting":false,"audioPlay":false,"sceneViewState":{"showFog":false,"showMaterialUpdate":false,"showSkybox":false,"showFlares":false,"showImageEffects":false,"showParticleSystems":false},"in2DMode":false,"pivot":{"x":-3.949220657348633,"y":-18.500871658325197,"z":35.76670455932617},"rotation":{"x":-0.17172132432460786,"y":-0.6616657972335815,"z":0.15853454172611237,"w":-0.7129319906234741},"size":112.90311431884766,"orthographic":false}