{"cameraMode":{"drawMode":0,"name":"Shaded","section":"Shading Mode"},"sceneLighting":false,"audioPlay":false,"sceneViewState":{"showFog":false,"showMaterialUpdate":false,"showSkybox":false,"showFlares":false,"showImageEffects":false,"showParticleSystems":false},"in2DMode":false,"pivot":{"x":0.05299997329711914,"y":-0.07200002670288086,"z":0.4750000238418579},"rotation":{"x":-0.2328774780035019,"y":-0.33831825852394106,"z":0.08607219904661179,"w":-0.9080697894096375},"size":26.3847599029541,"orthographic":false}