{"cameraMode":{"drawMode":0,"name":"Shaded","section":"Shading Mode"},"sceneLighting":false,"audioPlay":false,"sceneViewState":{"showFog":false,"showMaterialUpdate":false,"showSkybox":false,"showFlares":false,"showImageEffects":false,"showParticleSystems":false},"in2DMode":false,"pivot":{"x":-45.690284729003909,"y":-6.191753387451172,"z":35.95254898071289},"rotation":{"x":-0.030312426388263704,"y":-0.05047040805220604,"z":0.0008271718397736549,"w":-0.9986132383346558},"size":133.59878540039063,"orthographic":false}