{"cameraMode":{"drawMode":0,"name":"Shaded","section":"Shading Mode"},"sceneLighting":false,"audioPlay":false,"sceneViewState":{"showFog":false,"showMaterialUpdate":false,"showSkybox":false,"showFlares":false,"showImageEffects":false,"showParticleSystems":false},"in2DMode":false,"pivot":{"x":-2.8942108154296877,"y":9.900815963745118,"z":4.072629928588867},"rotation":{"x":-0.010119473561644555,"y":-0.41970282793045046,"z":0.0038791007827967407,"w":-0.9079786539077759},"size":21.118892669677736,"orthographic":false}