{"cameraMode":{"drawMode":0,"name":"Shaded","section":"Shading Mode"},"sceneLighting":false,"audioPlay":false,"sceneViewState":{"showFog":false,"showMaterialUpdate":false,"showSkybox":false,"showFlares":false,"showImageEffects":false,"showParticleSystems":false},"in2DMode":false,"pivot":{"x":15.30912971496582,"y":2.51129150390625,"z":5.388700485229492},"rotation":{"x":-0.25792670249938967,"y":0.058297451585531238,"z":-0.016216585412621499,"w":-0.964625895023346},"size":209.27908325195313,"orthographic":false}