{"cameraMode":{"drawMode":0,"name":"Shaded","section":"Shading Mode"},"sceneLighting":true,"audioPlay":false,"sceneViewState":{"showFog":false,"showMaterialUpdate":false,"showSkybox":true,"showFlares":false,"showImageEffects":false,"showParticleSystems":false},"in2DMode":false,"pivot":{"x":0.0,"y":171.25790405273438,"z":-125.24909973144531},"rotation":{"x":0.09088315069675446,"y":0.8268465399742127,"z":-0.14964598417282105,"w":0.5356606245040894},"size":992.7640991210938,"orthographic":false}