{"cameraMode":{"drawMode":0,"name":"Shaded","section":"Shading Mode"},"sceneLighting":false,"audioPlay":false,"sceneViewState":{"showFog":false,"showMaterialUpdate":false,"showSkybox":false,"showFlares":false,"showImageEffects":false,"showParticleSystems":false},"in2DMode":false,"pivot":{"x":49.154022216796878,"y":9.74752426147461,"z":10.55670166015625},"rotation":{"x":-0.24439413845539094,"y":-0.6417233943939209,"z":0.22611740231513978,"w":-0.6913989186286926},"size":124.29570770263672,"orthographic":false}