{"cameraMode":{"drawMode":0,"name":"Shaded","section":"Shading Mode"},"sceneLighting":true,"audioPlay":false,"sceneViewState":{"showFog":false,"showMaterialUpdate":false,"showSkybox":true,"showFlares":false,"showImageEffects":false,"showParticleSystems":false},"in2DMode":false,"pivot":{"x":-86.22911071777344,"y":198.19717407226563,"z":237.3955535888672},"rotation":{"x":0.20930974185466767,"y":0.669021725654602,"z":-0.20418356359004975,"w":0.6835951805114746},"size":113.80909729003906,"orthographic":false}