{"cameraMode":{"drawMode":0,"name":"Shaded","section":"Shading Mode"},"sceneLighting":true,"audioPlay":false,"sceneViewState":{"showFog":false,"showMaterialUpdate":false,"showSkybox":true,"showFlares":false,"showImageEffects":false,"showParticleSystems":false},"in2DMode":false,"pivot":{"x":417.71881103515627,"y":578.7345581054688,"z":-15.4422607421875},"rotation":{"x":0.06714332848787308,"y":0.015491053462028504,"z":-0.0006511776591651142,"w":0.9978390336036682},"size":1331.7808837890625,"orthographic":false}