{"cameraMode":{"drawMode":0,"name":"Shaded","section":"Shading Mode"},"sceneLighting":true,"audioPlay":false,"sceneViewState":{"showFog":false,"showMaterialUpdate":false,"showSkybox":true,"showFlares":false,"showImageEffects":false,"showParticleSystems":false},"in2DMode":false,"pivot":{"x":-30.8606014251709,"y":190.96560668945313,"z":-59.05588150024414},"rotation":{"x":0.05692814663052559,"y":-0.9328469634056091,"z":0.1710001677274704,"w":0.3125651180744171},"size":180.80023193359376,"orthographic":false}